{
  "feature_names": [
    "fft_peak_ratio",
    "fft_high_freq_energy",
    "highlight_ratio",
    "sharpness_uniformity",
    "lbp_periodicity",
    "color_cast",
    "saturation_mean",
    "edge_density"
  ],
  "mean": [
    2.5302333510477975,
    0.9936849551541465,
    0.00407318728805594,
    0.5348637718931399,
    0.21983237358888402,
    0.24074619324611765,
    0.2789490891500875,
    0.10961769282345432
  ],
  "std": [
    0.39243769905406034,
    0.0007197617373428129,
    0.017274315070415176,
    0.10345282860962784,
    0.05434802082140804,
    0.23327844148139656,
    0.14827983813669565,
    0.0705504619833739
  ],
  "weights": [
    0.1704774317169229,
    -0.6957713896556121,
    0.0736732184338755,
    0.8956995492816704,
    0.29562740616372923,
    -0.2855064862830301,
    1.2879179078804335,
    -0.8475797376300657
  ],
  "bias": 0.2681489083891926,
  "threshold": 0.5999999999999999,
  "trained": true,
  "cv_accuracy": 0.7571428571428571,
  "n_real": 66,
  "n_screen": 74
}