{
  "feature_names": [
    "fft_peak_ratio",
    "fft_high_freq_energy",
    "highlight_ratio",
    "sharpness_uniformity",
    "lbp_periodicity",
    "color_cast",
    "saturation_mean",
    "edge_density"
  ],
  "mean": [
    2.486134853701267,
    0.9937661554544203,
    0.004420311023425185,
    0.5388209254891919,
    0.2134859262419322,
    0.2404855085957435,
    0.2706000163371544,
    0.1146839248335248
  ],
  "std": [
    0.370803184655614,
    0.0006411798233366268,
    0.018231996857206282,
    0.10402686183550158,
    0.05071054485208506,
    0.23422361831484823,
    0.14531439097599227,
    0.0726488559764333
  ],
  "weights": [
    0.2011584598231669,
    -0.5461433789727673,
    0.10715698214891704,
    0.9817576320380993,
    0.13065039051470234,
    -0.21658782997479736,
    1.3411347920401204,
    -0.9002494645221837
  ],
  "bias": -0.10261298977461714,
  "threshold": 0.49999999999999994,
  "trained": true,
  "cv_accuracy": 0.7833333333333334,
  "n_real": 66,
  "n_screen": 58
}